,d1,d2,d3,d4,d5,ruangan
0,-39.0,-58.0,-57.0,-73.0,-66.0,301
1,-45.0,-56.0,-60.0,-74.0,-61.0,301
2,-38.0,-58.0,-51.0,-69.0,-58.0,301
3,-53.0,-62.0,-58.0,-73.0,-61.0,301
4,-43.0,-72.0,-63.0,-75.0,-66.0,301
5,-48.0,-65.0,-60.0,-77.0,-67.0,301
6,-38.0,-63.0,-48.0,-69.0,-57.0,301
7,-35.0,-67.0,-55.0,-68.0,-60.0,301
8,-40.0,-65.0,-53.0,-70.0,-64.0,301
9,-41.0,-62.0,-61.0,-71.0,-66.0,301
10,-39.0,-62.0,-60.0,-74.0,-65.0,301
11,-41.0,-59.0,-58.0,-71.0,-68.0,301
12,-35.0,-66.0,-57.0,-74.0,-67.0,301
13,-37.0,-67.0,-52.0,-76.0,-67.0,301
14,-45.0,-65.0,-64.0,-75.0,-68.0,301
15,-44.0,-63.0,-54.0,-74.0,-60.0,301
16,-49.0,-72.0,-67.0,-81.0,-75.0,301
17,-52.0,-68.0,-61.0,-79.0,-70.0,301
18,-46.0,-63.0,-58.0,-79.0,-65.0,301
19,-43.0,-62.0,-57.0,-74.0,-50.0,301
20,-41.0,-62.0,-54.0,-73.0,-57.0,301
21,-34.0,-59.0,-53.0,-67.0,-57.0,301
22,-37.0,-60.0,-53.0,-70.0,-58.0,301
23,-36.0,-57.0,-53.0,-71.0,-58.0,301
24,-37.0,-58.0,-57.0,-69.0,-61.0,301
25,-37.0,-58.0,-52.0,-67.0,-55.0,301
26,-42.0,-65.0,-49.0,-66.0,-60.0,301
27,-41.0,-56.0,-45.0,-68.0,-60.0,301
28,-38.0,-53.0,-42.0,-64.0,-60.0,301
29,-43.0,-57.0,-45.0,-65.0,-57.0,301
30,-44.0,-59.0,-44.0,-66.0,-62.0,301
31,-42.0,-71.0,-49.0,-69.0,-54.0,301
32,-41.0,-62.0,-52.0,-66.0,-55.0,301
33,-42.0,-62.0,-54.0,-73.0,-57.0,301
34,-44.0,-61.0,-51.0,-69.0,-60.0,301
35,-48.0,-62.0,-51.0,-70.0,-61.0,301
36,-48.0,-60.0,-65.0,-69.0,-70.0,301
37,-44.0,-62.0,-60.0,-66.0,-64.0,301
38,-38.0,-57.0,-58.0,-68.0,-59.0,301
39,-32.0,-57.0,-58.0,-76.0,-68.0,301
40,-35.0,-55.0,-59.0,-70.0,-63.0,301
41,-42.0,-66.0,-49.0,-69.0,-60.0,301
42,-44.0,-60.0,-54.0,-71.0,-58.0,301
43,-42.0,-57.0,-49.0,-71.0,-55.0,301
44,-48.0,-53.0,-42.0,-66.0,-52.0,301
45,-40.0,-64.0,-51.0,-74.0,-59.0,301
46,-42.0,-53.0,-42.0,-65.0,-50.0,301
47,-38.0,-59.0,-46.0,-66.0,-53.0,301
48,-43.0,-58.0,-54.0,-67.0,-53.0,301
49,-37.0,-60.0,-50.0,-66.0,-52.0,301
50,-32.0,-55.0,-54.0,-62.0,-54.0,301
51,-34.0,-57.0,-51.0,-67.0,-53.0,301
52,-38.0,-54.0,-52.0,-74.0,-55.0,301
53,-45.0,-59.0,-55.0,-65.0,-53.0,301
54,-36.0,-51.0,-60.0,-72.0,-60.0,301
55,-36.0,-54.0,-56.0,-69.0,-59.0,301
56,-31.0,-57.0,-51.0,-71.0,-61.0,301
57,-35.0,-56.0,-49.0,-67.0,-59.0,301
58,-34.0,-54.0,-47.0,-65.0,-58.0,301
59,-32.0,-55.0,-48.0,-62.0,-59.0,301
60,-38.0,-56.0,-46.0,-61.0,-55.0,301
61,-42.0,-53.0,-45.0,-62.0,-51.0,301
62,-41.0,-56.0,-40.0,-69.0,-49.0,301
63,-36.0,-54.0,-42.0,-69.0,-51.0,301
64,-31.0,-53.0,-47.0,-68.0,-54.0,301
65,-26.0,-54.0,-47.0,-68.0,-53.0,301
66,-29.0,-56.0,-59.0,-66.0,-62.0,301
67,-37.0,-54.0,-52.0,-71.0,-65.0,301
68,-45.0,-61.0,-64.0,-71.0,-65.0,301
69,-49.0,-69.0,-62.0,-71.0,-64.0,301
70,-42.0,-57.0,-68.0,-74.0,-70.0,301
71,-36.0,-56.0,-63.0,-77.0,-73.0,301
72,-36.0,-56.0,-63.0,-74.0,-72.0,301
73,-29.0,-61.0,-57.0,-72.0,-62.0,301
74,-28.0,-54.0,-54.0,-69.0,-64.0,301
75,-28.0,-51.0,-52.0,-74.0,-67.0,301
76,-39.0,-66.0,-51.0,-70.0,-68.0,301
77,-35.0,-51.0,-52.0,-75.0,-64.0,301
78,-35.0,-55.0,-59.0,-72.0,-64.0,301
79,-34.0,-57.0,-57.0,-70.0,-67.0,301
80,-35.0,-56.0,-56.0,-73.0,-65.0,301
81,-37.0,-59.0,-62.0,-71.0,-66.0,301
82,-46.0,-55.0,-58.0,-67.0,-67.0,301
83,-49.0,-58.0,-58.0,-69.0,-67.0,301
84,-40.0,-61.0,-59.0,-74.0,-67.0,301
85,-38.0,-60.0,-56.0,-73.0,-75.0,301
86,-39.0,-64.0,-57.0,-73.0,-68.0,301
87,-39.0,-60.0,-58.0,-75.0,-67.0,301
88,-37.0,-55.0,-56.0,-73.0,-70.0,301
89,-36.0,-59.0,-57.0,-58.0,-68.0,301
90,-36.0,-56.0,-57.0,-75.0,-67.0,301
91,-40.0,-58.0,-55.0,-73.0,-61.0,301
92,-40.0,-56.0,-59.0,-68.0,-67.0,301
93,-39.0,-56.0,-51.0,-76.0,-63.0,301
94,-40.0,-55.0,-53.0,-67.0,-57.0,301
95,-35.0,-56.0,-52.0,-70.0,-65.0,301
96,-41,-58,-59,-74,-68,301
97,-42.0,-59.0,-58.0,-71.0,-68.0,301
98,-40.0,-58.0,-59.0,-67.0,-60.0,301
99,-43.0,-54.0,-61.0,-70.0,-59.0,301
100,-44.0,-57.0,-58.0,-69.0,-61.0,301
101,-41.0,-57.0,-65.0,-66.0,-64.0,301
102,-44.0,-50.0,-70.0,-65.0,-69.0,301
103,-43.0,-60.0,-90,-65.0,-71.0,301
104,-46.0,-45.0,-60.0,-60.0,-62.0,301
105,-39.0,-53.0,-54.0,-61.0,-60.0,301
106,-35.0,-52.0,-52.0,-70.0,-60.0,301
107,-35.0,-58.0,-45.0,-69.0,-61.0,301
108,-37.0,-52.0,-49.0,-70.0,-56.0,301
109,-35.0,-58.0,-51.0,-65.0,-63.0,301
110,-38.0,-55.0,-54.0,-70.0,-55.0,301
111,-36.0,-52.0,-54.0,-70.0,-57.0,301
112,-42.0,-57.0,-52.0,-70.0,-53.0,301
113,-38.0,-53.0,-55.0,-70.0,-65.0,301
114,-40.0,-57.0,-58.0,-71.0,-70.0,301
115,-31.0,-56.0,-54.0,-69.0,-65.0,301
116,-35.0,-57.0,-57.0,-69.0,-68.0,301
117,-37.0,-57.0,-59.0,-73.0,-68.0,301
118,-39.0,-57.0,-63.0,-64.0,-67.0,301
119,-42.0,-57.0,-60.0,-72.0,-62.0,301
120,-41.0,-57.0,-60.0,-70.0,-61.0,301
121,-34.0,-54.0,-63.0,-71.0,-62.0,301
122,-36.0,-59.0,-56.0,-75.0,-69.0,301
123,-36.0,-52.0,-57.0,-73.0,-67.0,301
124,-34.0,-54.0,-49.0,-70.0,-67.0,301
125,-36.0,-52.0,-51.0,-66.0,-67.0,301
126,-39.0,-48.0,-53.0,-66.0,-68.0,301
127,-34.0,-49.0,-56.0,-62.0,-66.0,301
128,-27.0,-55.0,-55.0,-66.0,-66.0,301
129,-28.0,-57.0,-55.0,-67.0,-64.0,301
130,-32.0,-55.0,-49.0,-65.0,-59.0,301
131,-37.0,-51.0,-58.0,-64.0,-54.0,301
132,-32.0,-52.0,-48.0,-67.0,-60.0,301
133,-34.0,-57.0,-48.0,-64.0,-56.0,301
134,-32.0,-57.0,-53.0,-66.0,-58.0,301
135,-36.0,-55.0,-49.0,-62.0,-60.0,301
136,-40.0,-58.0,-51.0,-62.0,-58.0,301
137,-35.0,-59.0,-57.0,-63.0,-64.0,301
138,-41.0,-68.0,-57.0,-75.0,-59.0,301
139,-45.0,-60.0,-67.0,-69.0,-58.0,301
140,-35.0,-64.0,-62.0,-73.0,-61.0,301
141,-31.0,-60.0,-61.0,-72.0,-60.0,301
142,-34.0,-55.0,-58.0,-75.0,-68.0,301
143,-27.0,-62.0,-58.0,-75.0,-64.0,301
144,-28.0,-63.0,-60.0,-72.0,-66.0,301
145,-26.0,-58.0,-55.0,-72.0,-65.0,301
146,-27.0,-64.0,-59.0,-75.0,-66.0,301
147,-37.0,-59.0,-56.0,-72.0,-67.0,301
148,-35.0,-59.0,-54.0,-72.0,-70.0,301
149,-36.0,-54.0,-55.0,-70.0,-62.0,301
150,-33.0,-57.0,-54.0,-76.0,-68.0,301
151,-32.0,-54.0,-51.0,-72.0,-70.0,301
152,-36.0,-60.0,-59.0,-75.0,-65.0,301
153,-35.0,-59.0,-62.0,-70.0,-61.0,301
154,-37.0,-58.0,-61.0,-74.0,-63.0,301
155,-36.0,-58.0,-63.0,-73.0,-66.0,301
156,-40.0,-61.0,-57.0,-74.0,-70.0,301
157,-36.0,-67.0,-56.0,-72.0,-65.0,301
158,-35.0,-59.0,-53.0,-70.0,-69.0,301
159,-39.0,-61.0,-56.0,-73.0,-58.0,301
160,-50.0,-52.0,-44.0,-67.0,-46.0,302
161,-47.0,-51.0,-49.0,-73.0,-54.0,302
162,-49.0,-52.0,-47.0,-72.0,-57.0,302
163,-50.0,-51.0,-44.0,-74.0,-51.0,302
164,-55.0,-48.0,-46.0,-70.0,-55.0,302
165,-53.0,-49.0,-52.0,-62.0,-51.0,302
166,-51.0,-49.0,-51.0,-63.0,-50.0,302
167,-45.0,-46.0,-47.0,-64.0,-57.0,302
168,-53.0,-48.0,-51.0,-67.0,-60.0,302
169,-55.0,-48.0,-49.0,-63.0,-51.0,302
170,-47.0,-51.0,-47.0,-68.0,-48.0,302
171,-45.0,-55.0,-40.0,-71.0,-58.0,302
172,-50.0,-50.0,-46.0,-63.0,-52.0,302
173,-45.0,-47.0,-44.0,-63.0,-56.0,302
174,-43.0,-58.0,-47.0,-67.0,-58.0,302
175,-48.0,-55.0,-48.0,-70.0,-59.0,302
176,-48.0,-51.0,-46.0,-72.0,-60.0,302
177,-45.0,-51.0,-48.0,-69.0,-64.0,302
178,-46.0,-53.0,-48.0,-72.0,-60.0,302
179,-50.0,-50.0,-45.0,-69.0,-55.0,302
180,-48.0,-52.0,-49.0,-72.0,-57.0,302
181,-43.0,-53.0,-52.0,-69.0,-56.0,302
182,-45.0,-56.0,-46.0,-70.0,-62.0,302
183,-43.0,-56.0,-51.0,-76.0,-64.0,302
184,-51.0,-51.0,-50.0,-72.0,-56.0,302
185,-48.0,-51.0,-47.0,-77.0,-57.0,302
186,-41.0,-48.0,-56.0,-71.0,-59.0,302
187,-45.0,-50.0,-54.0,-67.0,-66.0,302
188,-41.0,-47.0,-49.0,-72.0,-63.0,302
189,-42.0,-50.0,-53.0,-69.0,-59.0,302
190,-46.0,-46.0,-47.0,-66.0,-63.0,302
191,-50.0,-51.0,-46.0,-65.0,-54.0,302
192,-49.0,-50.0,-40.0,-61.0,-57.0,302
193,-46.0,-52.0,-46.0,-65.0,-62.0,302
194,-44.0,-46.0,-47.0,-68.0,-59.0,302
195,-48.0,-49.0,-44.0,-59.0,-53.0,302
196,-51.0,-57.0,-42.0,-56.0,-56.0,302
197,-51.0,-51.0,-43.0,-63.0,-53.0,302
198,-50.0,-49.0,-47.0,-61.0,-55.0,302
199,-42.0,-48.0,-48.0,-70.0,-56.0,302
200,-39.0,-42.0,-45.0,-80.0,-60.0,302
201,-49.0,-43.0,-44.0,-72.0,-54.0,302
202,-52.0,-42.0,-49.0,-75.0,-53.0,302
203,-42.0,-46.0,-53.0,-72.0,-58.0,302
204,-39.0,-47.0,-53.0,-67.0,-63.0,302
205,-44.0,-48.0,-53.0,-67.0,-57.0,302
206,-42.0,-45.0,-51.0,-66.0,-57.0,302
207,-46.0,-43.0,-45.0,-67.0,-56.0,302
208,-47.0,-46.0,-37.0,-62.0,-65.0,302
209,-47.0,-53.0,-40.0,-60.0,-52.0,302
210,-48.0,-58.0,-44.0,-57.0,-52.0,302
211,-46.0,-54.0,-42.0,-57.0,-52.0,302
212,-49.0,-51.0,-44.0,-64.0,-54.0,302
213,-46.0,-51.0,-46.0,-70.0,-50.0,302
214,-48.0,-51.0,-41.0,-67.0,-52.0,302
215,-49.0,-52.0,-41.0,-68.0,-52.0,302
216,-49.0,-46.0,-45.0,-64.0,-53.0,302
217,-54.0,-41.0,-47.0,-72.0,-61.0,302
218,-52.0,-44.0,-49.0,-69.0,-61.0,302
219,-52.0,-42.0,-48.0,-72.0,-59.0,302
220,-55.0,-42.0,-48.0,-73.0,-62.0,302
221,-50.0,-46.0,-47.0,-72.0,-64.0,302
222,-58.0,-45.0,-51.0,-70.0,-61.0,302
223,-51.0,-41.0,-56.0,-70.0,-59.0,302
224,-54.0,-42.0,-50.0,-67.0,-61.0,302
225,-47.0,-45.0,-50.0,-66.0,-66.0,302
226,-48.0,-41.0,-51.0,-69.0,-66.0,302
227,-43.0,-42.0,-51.0,-66.0,-58.0,302
228,-45.0,-43.0,-50.0,-67.0,-60.0,302
229,-44.0,-48.0,-51.0,-73.0,-66.0,302
230,-40.0,-40.0,-50.0,-65.0,-66.0,302
231,-40.0,-45.0,-51.0,-64.0,-62.0,302
232,-35.0,-54.0,-52.0,-70.0,-64.0,302
233,-42.0,-50.0,-45.0,-61.0,-62.0,302
234,-49.0,-43.0,-52.0,-66.0,-63.0,302
235,-41.0,-47.0,-51.0,-66.0,-61.0,302
236,-43.0,-42.0,-50.0,-70.0,-64.0,302
237,-43.0,-48.0,-50.0,-67.0,-64.0,302
238,-42.0,-44.0,-47.0,-71.0,-62.0,302
239,-45.0,-49.0,-42.0,-65.0,-61.0,302
240,-48.0,-48.0,-44.0,-71.0,-62.0,302
241,-50.0,-55.0,-50.0,-71.0,-60.0,302
242,-48.0,-52.0,-47.0,-71.0,-64.0,302
243,-50.0,-42.0,-48.0,-67.0,-66.0,302
244,-40.0,-49.0,-53.0,-70.0,-69.0,302
245,-43.0,-46.0,-51.0,-67.0,-60.0,302
246,-50.0,-40.0,-55.0,-65.0,-62.0,302
247,-43.0,-47.0,-57.0,-69.0,-58.0,302
248,-40.0,-53.0,-52.0,-66.0,-68.0,302
249,-44.0,-54.0,-48.0,-64.0,-53.0,302
250,-48.0,-50.0,-46.0,-66.0,-56.0,302
251,-46.0,-49.0,-47.0,-63.0,-63.0,302
252,-45.0,-46.0,-45.0,-59.0,-60.0,302
253,-47.0,-42.0,-44.0,-66.0,-65.0,302
254,-45.0,-45.0,-45.0,-66.0,-62.0,302
255,-48.0,-40.0,-47.0,-64.0,-63.0,302
256,-52.0,-48.0,-54.0,-68.0,-61.0,302
257,-47.0,-47.0,-48.0,-62.0,-59.0,302
258,-49.0,-51.0,-44.0,-64.0,-60.0,302
259,-50.0,-51.0,-46.0,-70.0,-61.0,302
260,-51.0,-47.0,-43.0,-72.0,-60.0,302
261,-51.0,-48.0,-47.0,-73.0,-62.0,302
262,-50.0,-45.0,-43.0,-74.0,-62.0,302
263,-50.0,-42.0,-49.0,-69.0,-62.0,302
264,-45.0,-49.0,-53.0,-70.0,-63.0,302
265,-44.0,-51.0,-47.0,-72.0,-68.0,302
266,-44.0,-45.0,-51.0,-67.0,-72.0,302
267,-42.0,-45.0,-57.0,-69.0,-68.0,302
268,-43.0,-50.0,-50.0,-66.0,-66.0,302
269,-41.0,-52.0,-48.0,-68.0,-58.0,302
270,-43.0,-51.0,-53.0,-69.0,-65.0,302
271,-51.0,-45.0,-48.0,-68.0,-54.0,302
272,-45.0,-47.0,-48.0,-64.0,-61.0,302
273,-50.0,-51.0,-49.0,-67.0,-58.0,302
274,-49.0,-46.0,-50.0,-63.0,-63.0,302
275,-46.0,-46.0,-44.0,-64.0,-59.0,302
276,-52.0,-44.0,-37.0,-57.0,-60.0,302
277,-50.0,-45.0,-39.0,-64.0,-48.0,302
278,-45.0,-49.0,-40.0,-64.0,-56.0,302
279,-43.0,-53.0,-42.0,-69.0,-55.0,302
280,-46.0,-50.0,-43.0,-67.0,-54.0,302
281,-46.0,-52.0,-38.0,-75.0,-49.0,302
282,-47.0,-54.0,-41.0,-71.0,-56.0,302
283,-52.0,-51.0,-41.0,-68.0,-51.0,302
284,-45.0,-49.0,-54.0,-67.0,-57.0,302
285,-48.0,-48.0,-56.0,-71.0,-58.0,302
286,-36.0,-47.0,-52.0,-64.0,-59.0,302
287,-45.0,-44.0,-54.0,-72.0,-64.0,302
288,-38.0,-45.0,-51.0,-68.0,-67.0,302
289,-45.0,-44.0,-52.0,-66.0,-62.0,302
290,-45.0,-43.0,-45.0,-72.0,-60.0,302
291,-46.0,-43.0,-50.0,-70.0,-62.0,302
292,-44.0,-41.0,-49.0,-65.0,-60.0,302
293,-40.0,-43.0,-50.0,-66.0,-63.0,302
294,-42.0,-46.0,-52.0,-70.0,-59.0,302
295,-45.0,-48.0,-58.0,-67.0,-60.0,302
296,-38.0,-45.0,-51.0,-67.0,-63.0,302
297,-44.0,-43.0,-49.0,-67.0,-62.0,302
298,-47.0,-52.0,-41.0,-64.0,-52.0,302
299,-47.0,-55.0,-44.0,-64.0,-54.0,302
300,-47.0,-51.0,-44.0,-58.0,-57.0,302
301,-51.0,-47.0,-45.0,-60.0,-63.0,302
302,-51.0,-50.0,-49.0,-62.0,-58.0,302
303,-49.0,-49.0,-38.0,-71.0,-46.0,302
304,-47.0,-50.0,-38.0,-68.0,-48.0,302
305,-47.0,-54.0,-39.0,-67.0,-48.0,302
306,-54.0,-52.0,-38.0,-69.0,-51.0,302
307,-54.0,-53.0,-41.0,-62.0,-50.0,302
308,-53.0,-55.0,-49.0,-67.0,-53.0,302
309,-55.0,-54.0,-45.0,-69.0,-56.0,302
310,-47.0,-54.0,-45.0,-67.0,-49.0,302
311,-44.0,-53.0,-50.0,-68.0,-72.0,302
312,-46.0,-49.0,-50.0,-69.0,-64.0,302
313,-46.0,-46.0,-50.0,-69.0,-64.0,302
314,-47.0,-43.0,-47.0,-67.0,-64.0,302
315,-47.0,-46.0,-48.0,-71.0,-65.0,302
316,-46.0,-43.0,-49.0,-68.0,-61.0,302
317,-46.0,-45.0,-50.0,-70.0,-67.0,302
318,-46.0,-45.0,-52.0,-66.0,-65.0,302
319,-48.0,-57.0,-55.0,-69.0,-64.0,302
320,-57.0,-56.0,-37.0,-60.0,-48.0,303
321,-59.0,-65.0,-38.0,-67.0,-59.0,303
322,-49.0,-59.0,-36.0,-63.0,-49.0,303
323,-57.0,-57.0,-41.0,-64.0,-48.0,303
324,-56.0,-58.0,-35.0,-63.0,-55.0,303
325,-58.0,-56.0,-36.0,-60.0,-47.0,303
326,-60.0,-65.0,-33.0,-61.0,-48.0,303
327,-55.0,-63.0,-33.0,-57.0,-46.0,303
328,-54.0,-62.0,-35.0,-57.0,-48.0,303
329,-60.0,-61.0,-36.0,-63.0,-54.0,303
330,-52.0,-59.0,-38.0,-66.0,-47.0,303
331,-54.0,-59.0,-39.0,-67.0,-42.0,303
332,-60.0,-58.0,-37.0,-69.0,-49.0,303
333,-58.0,-58.0,-37.0,-68.0,-51.0,303
334,-56.0,-69.0,-48.0,-59.0,-52.0,303
335,-53.0,-65.0,-45.0,-65.0,-47.0,303
336,-48.0,-62.0,-33.0,-62.0,-57.0,303
337,-51.0,-58.0,-35.0,-61.0,-52.0,303
338,-49.0,-58.0,-32.0,-60.0,-52.0,303
339,-50.0,-56.0,-34.0,-60.0,-50.0,303
340,-47.0,-50.0,-33.0,-65.0,-53.0,303
341,-47.0,-52.0,-39.0,-61.0,-51.0,303
342,-50.0,-63.0,-36.0,-68.0,-56.0,303
343,-58.0,-58.0,-35.0,-65.0,-51.0,303
344,-51.0,-65.0,-32.0,-65.0,-51.0,303
345,-61.0,-61.0,-34.0,-69.0,-49.0,303
346,-49.0,-55.0,-38.0,-64.0,-52.0,303
347,-90,-57.0,-90,-90,-90,303
348,-51.0,-57.0,-39.0,-62.0,-54.0,303
349,-50.0,-56.0,-37.0,-58.0,-53.0,303
350,-56.0,-60.0,-37.0,-58.0,-44.0,303
351,-59.0,-54.0,-37.0,-59.0,-50.0,303
352,-54.0,-63.0,-36.0,-60.0,-48.0,303
353,-53.0,-57.0,-31.0,-68.0,-46.0,303
354,-50.0,-58.0,-34.0,-60.0,-54.0,303
355,-47.0,-53.0,-30.0,-62.0,-50.0,303
356,-46.0,-55.0,-38.0,-70.0,-52.0,303
357,-53.0,-58.0,-38.0,-69.0,-54.0,303
358,-59.0,-54.0,-33.0,-56.0,-61.0,303
359,-54.0,-56.0,-31.0,-58.0,-55.0,303
360,-60.0,-61.0,-34.0,-60.0,-51.0,303
361,-54.0,-60.0,-37.0,-52.0,-45.0,303
362,-55.0,-58.0,-33.0,-56.0,-52.0,303
363,-60.0,-57.0,-30.0,-64.0,-47.0,303
364,-58.0,-60.0,-34.0,-61.0,-44.0,303
365,-60.0,-58.0,-38.0,-63.0,-45.0,303
366,-57.0,-49.0,-39.0,-62.0,-54.0,303
367,-54.0,-47.0,-36.0,-59.0,-50.0,303
368,-56.0,-48.0,-31.0,-58.0,-51.0,303
369,-59.0,-51.0,-31.0,-61.0,-49.0,303
370,-48.0,-54.0,-31.0,-67.0,-58.0,303
371,-53.0,-50.0,-33.0,-68.0,-58.0,303
372,-56.0,-55.0,-38.0,-69.0,-53.0,303
373,-56.0,-51.0,-45.0,-67.0,-64.0,303
374,-50.0,-55.0,-42.0,-63.0,-59.0,303
375,-50.0,-48.0,-39.0,-66.0,-57.0,303
376,-52.0,-49.0,-41.0,-59.0,-64.0,303
377,-55.0,-57.0,-29.0,-57.0,-59.0,303
378,-60.0,-56.0,-38.0,-56.0,-56.0,303
379,-58.0,-57.0,-35.0,-49.0,-57.0,303
380,-58.0,-54.0,-44.0,-62.0,-58.0,303
381,-56.0,-53.0,-35.0,-62.0,-58.0,303
382,-50.0,-53.0,-34.0,-58.0,-55.0,303
383,-56.0,-50.0,-36.0,-61.0,-55.0,303
384,-50.0,-51.0,-36.0,-69.0,-50.0,303
385,-59.0,-51.0,-34.0,-70.0,-56.0,303
386,-55.0,-48.0,-34.0,-67.0,-55.0,303
387,-50.0,-48.0,-46.0,-61.0,-56.0,303
388,-48.0,-50.0,-43.0,-69.0,-55.0,303
389,-48.0,-50.0,-44.0,-65.0,-55.0,303
390,-45.0,-52.0,-38.0,-63.0,-54.0,303
391,-54.0,-52.0,-35.0,-56.0,-49.0,303
392,-55.0,-59.0,-35.0,-62.0,-54.0,303
393,-55.0,-63.0,-36.0,-58.0,-55.0,303
394,-54.0,-59.0,-35.0,-61.0,-52.0,303
395,-56.0,-58.0,-34.0,-61.0,-49.0,303
396,-59.0,-66.0,-34.0,-56.0,-57.0,303
397,-56.0,-56.0,-36.0,-60.0,-48.0,303
398,-60.0,-62.0,-46.0,-60.0,-52.0,303
399,-63.0,-63.0,-37.0,-67.0,-53.0,303
400,-55.0,-60.0,-45.0,-58.0,-51.0,303
401,-57.0,-61.0,-42.0,-60.0,-54.0,303
402,-51.0,-57.0,-39.0,-54.0,-58.0,303
403,-54.0,-53.0,-41.0,-61.0,-57.0,303
404,-60.0,-55.0,-43.0,-65.0,-52.0,303
405,-45.0,-51.0,-41.0,-66.0,-58.0,303
406,-52.0,-55.0,-36.0,-60.0,-57.0,303
407,-52.0,-55.0,-37.0,-58.0,-54.0,303
408,-52.0,-56.0,-33.0,-60.0,-60.0,303
409,-56.0,-64.0,-45.0,-57.0,-52.0,303
410,-56.0,-59.0,-42.0,-59.0,-55.0,303
411,-55.0,-63.0,-33.0,-61.0,-55.0,303
412,-56.0,-62.0,-38.0,-59.0,-51.0,303
413,-53.0,-60.0,-36.0,-58.0,-52.0,303
414,-52.0,-57.0,-35.0,-65.0,-52.0,303
415,-57.0,-62.0,-41.0,-62.0,-49.0,303
416,-59.0,-61.0,-42.0,-65.0,-49.0,303
417,-54.0,-61.0,-42.0,-64.0,-51.0,303
418,-59.0,-62.0,-42.0,-61.0,-54.0,303
419,-53.0,-60.0,-43.0,-56.0,-51.0,303
420,-51.0,-55.0,-43.0,-54.0,-50.0,303
421,-51.0,-55.0,-43.0,-58.0,-53.0,303
422,-56.0,-57.0,-41.0,-60.0,-53.0,303
423,-53.0,-53.0,-38.0,-58.0,-53.0,303
424,-56.0,-63.0,-37.0,-61.0,-54.0,303
425,-53.0,-60.0,-37.0,-61.0,-50.0,303
426,-53.0,-61.0,-38.0,-59.0,-56.0,303
427,-55.0,-59.0,-40.0,-59.0,-55.0,303
428,-56.0,-59.0,-37.0,-61.0,-55.0,303
429,-50.0,-61.0,-38.0,-62.0,-51.0,303
430,-56.0,-58.0,-39.0,-58.0,-53.0,303
431,-55.0,-60.0,-35.0,-59.0,-54.0,303
432,-52.0,-61.0,-37.0,-60.0,-52.0,303
433,-51.0,-62.0,-40.0,-67.0,-56.0,303
434,-57.0,-60.0,-37.0,-66.0,-54.0,303
435,-55.0,-58.0,-35.0,-69.0,-52.0,303
436,-64.0,-61.0,-36.0,-64.0,-48.0,303
437,-56.0,-62.0,-37.0,-68.0,-53.0,303
438,-50.0,-60.0,-47.0,-61.0,-49.0,303
439,-59.0,-62.0,-41.0,-60.0,-55.0,303
440,-48.0,-61.0,-45.0,-57.0,-58.0,303
441,-59.0,-62.0,-46.0,-55.0,-56.0,303
442,-58.0,-60.0,-45.0,-60.0,-48.0,303
443,-58.0,-59.0,-36.0,-67.0,-52.0,303
444,-54.0,-62.0,-37.0,-61.0,-53.0,303
445,-53.0,-55.0,-35.0,-62.0,-53.0,303
446,-55.0,-63.0,-36.0,-63.0,-51.0,303
447,-51.0,-61.0,-39.0,-63.0,-53.0,303
448,-59.0,-59.0,-35.0,-61.0,-53.0,303
449,-58.0,-60.0,-36.0,-62.0,-56.0,303
450,-56.0,-53.0,-38.0,-60.0,-56.0,303
451,-57.0,-56.0,-38.0,-58.0,-56.0,303
452,-50.0,-53.0,-39.0,-58.0,-56.0,303
453,-56.0,-54.0,-38.0,-67.0,-52.0,303
454,-59.0,-57.0,-34.0,-68.0,-56.0,303
455,-58.0,-53.0,-38.0,-65.0,-55.0,303
456,-57.0,-54.0,-36.0,-65.0,-55.0,303
457,-58.0,-56.0,-47.0,-67.0,-48.0,303
458,-55.0,-54.0,-44.0,-57.0,-54.0,303
459,-52.0,-55.0,-41.0,-58.0,-46.0,303
460,-59.0,-54.0,-37.0,-56.0,-59.0,303
461,-54.0,-58.0,-38.0,-58.0,-51.0,303
462,-54.0,-56.0,-40.0,-56.0,-56.0,303
463,-53.0,-60.0,-30.0,-53.0,-44.0,303
464,-54.0,-63.0,-30.0,-50.0,-45.0,303
465,-50.0,-60.0,-31.0,-52.0,-48.0,303
466,-52.0,-60.0,-33.0,-55.0,-42.0,303
467,-55.0,-62.0,-39.0,-56.0,-46.0,303
468,-52.0,-69.0,-33.0,-58.0,-48.0,303
469,-59.0,-62.0,-32.0,-64.0,-49.0,303
470,-55.0,-63.0,-37.0,-58.0,-49.0,303
471,-51.0,-61.0,-37.0,-62.0,-46.0,303
472,-48.0,-59.0,-37.0,-61.0,-54.0,303
473,-48.0,-60.0,-36.0,-66.0,-54.0,303
474,-45.0,-53.0,-35.0,-64.0,-53.0,303
475,-45.0,-59.0,-31.0,-63.0,-54.0,303
476,-47.0,-54.0,-32.0,-71.0,-55.0,303
477,-47.0,-54.0,-28.0,-66.0,-54.0,303
478,-59.0,-60.0,-27.0,-65.0,-54.0,303
479,-58.0,-60.0,-30.0,-64.0,-56.0,303
480,-50.0,-54.0,-34.0,-57.0,-59.0,303
481,-56.0,-51.0,-42.0,-57.0,-58.0,303
482,-50.0,-50.0,-41.0,-61.0,-63.0,303
483,-52.0,-55.0,-45.0,-62.0,-56.0,303
484,-53.0,-49.0,-48.0,-59.0,-55.0,303
485,-55.0,-55.0,-34.0,-56.0,-55.0,303
486,-59.0,-55.0,-37.0,-49.0,-47.0,303
487,-58.0,-62.0,-32.0,-52.0,-51.0,303
488,-61.0,-67.0,-37.0,-49.0,-57.0,303
489,-58.0,-57.0,-34.0,-53.0,-42.0,303
490,-64.0,-58.0,-36.0,-60.0,-45.0,303
491,-59.0,-57.0,-38.0,-67.0,-42.0,303
492,-56.0,-62.0,-39.0,-63.0,-50.0,303
493,-54.0,-58.0,-44.0,-61.0,-46.0,303
494,-57.0,-63.0,-37.0,-63.0,-45.0,303
495,-55.0,-60.0,-34.0,-68.0,-49.0,303
496,-53.0,-63.0,-38.0,-70.0,-54.0,303
497,-59.0,-64.0,-46.0,-64.0,-41.0,304
498,-58.0,-68.0,-47.0,-67.0,-40.0,304
499,-60.0,-61.0,-41.0,-70.0,-48.0,304
500,-60.0,-66.0,-46.0,-65.0,-50.0,304
501,-59.0,-64.0,-46.0,-68.0,-49.0,304
502,-54.0,-63.0,-49.0,-62.0,-49.0,304
503,-53.0,-61.0,-46.0,-56.0,-56.0,304
504,-59.0,-59.0,-47.0,-59.0,-50.0,304
505,-57.0,-64.0,-48.0,-61.0,-48.0,304
506,-59.0,-64.0,-49.0,-63.0,-48.0,304
507,-49.0,-65.0,-43.0,-59.0,-50.0,304
508,-46.0,-59.0,-34.0,-57.0,-49.0,304
509,-53.0,-60.0,-42.0,-55.0,-44.0,304
510,-54.0,-63.0,-41.0,-59.0,-42.0,304
511,-57.0,-64.0,-42.0,-64.0,-44.0,304
512,-61.0,-69.0,-40.0,-63.0,-40.0,304
513,-61.0,-68.0,-40.0,-65.0,-41.0,304
514,-59.0,-70.0,-37.0,-60.0,-45.0,304
515,-56.0,-70.0,-42.0,-57.0,-44.0,304
516,-58.0,-72.0,-42.0,-60.0,-44.0,304
517,-60.0,-68.0,-44.0,-61.0,-42.0,304
518,-60.0,-68.0,-45.0,-62.0,-44.0,304
519,-63.0,-62.0,-46.0,-60.0,-45.0,304
520,-60.0,-62.0,-47.0,-66.0,-44.0,304
521,-65.0,-65.0,-44.0,-63.0,-38.0,304
522,-59.0,-64.0,-44.0,-62.0,-45.0,304
523,-60.0,-66.0,-46.0,-66.0,-42.0,304
524,-67.0,-69.0,-48.0,-65.0,-41.0,304
525,-58.0,-65.0,-47.0,-63.0,-47.0,304
526,-55.0,-62.0,-43.0,-58.0,-50.0,304
527,-49.0,-61.0,-45.0,-58.0,-43.0,304
528,-49.0,-60.0,-43.0,-58.0,-49.0,304
529,-53.0,-58.0,-46.0,-56.0,-46.0,304
530,-55.0,-61.0,-44.0,-56.0,-51.0,304
531,-53.0,-61.0,-38.0,-57.0,-48.0,304
532,-56.0,-53.0,-41.0,-59.0,-47.0,304
533,-57.0,-61.0,-39.0,-57.0,-49.0,304
534,-56.0,-55.0,-41.0,-57.0,-48.0,304
535,-59.0,-57.0,-40.0,-54.0,-50.0,304
536,-55.0,-60.0,-37.0,-58.0,-45.0,304
537,-57.0,-62.0,-43.0,-56.0,-45.0,304
538,-58.0,-65.0,-38.0,-57.0,-49.0,304
539,-58.0,-67.0,-41.0,-56.0,-47.0,304
540,-63.0,-60.0,-41.0,-55.0,-47.0,304
541,-58.0,-62.0,-38.0,-61.0,-42.0,304
542,-61.0,-65.0,-42.0,-67.0,-38.0,304
543,-62.0,-68.0,-45.0,-67.0,-36.0,304
544,-70.0,-66.0,-45.0,-67.0,-37.0,304
545,-67.0,-68.0,-48.0,-65.0,-37.0,304
546,-65.0,-69.0,-52.0,-59.0,-37.0,304
547,-65.0,-69.0,-51.0,-57.0,-40.0,304
548,-61.0,-63.0,-48.0,-62.0,-41.0,304
549,-62.0,-66.0,-52.0,-58.0,-43.0,304
550,-62.0,-69.0,-52.0,-54.0,-36.0,304
551,-63.0,-66.0,-47.0,-51.0,-41.0,304
552,-65.0,-71.0,-47.0,-52.0,-41.0,304
553,-61.0,-64.0,-43.0,-57.0,-39.0,304
554,-61.0,-63.0,-50.0,-56.0,-42.0,304
555,-59.0,-64.0,-45.0,-58.0,-46.0,304
556,-63.0,-66.0,-50.0,-56.0,-41.0,304
557,-61.0,-66.0,-46.0,-54.0,-44.0,304
558,-63.0,-65.0,-41.0,-56.0,-46.0,304
559,-61.0,-69.0,-45.0,-53.0,-44.0,304
560,-63.0,-64.0,-47.0,-58.0,-46.0,304
561,-63.0,-63.0,-50.0,-51.0,-41.0,304
562,-64.0,-65.0,-48.0,-60.0,-38.0,304
563,-64.0,-66.0,-47.0,-57.0,-42.0,304
564,-63.0,-66.0,-45.0,-66.0,-41.0,304
565,-58.0,-66.0,-49.0,-68.0,-46.0,304
566,-66.0,-69.0,-50.0,-64.0,-39.0,304
567,-70.0,-69.0,-53.0,-61.0,-42.0,304
568,-67.0,-69.0,-49.0,-64.0,-48.0,304
569,-61.0,-69.0,-53.0,-59.0,-50.0,304
570,-62.0,-68.0,-52.0,-56.0,-51.0,304
571,-64.0,-67.0,-56.0,-55.0,-47.0,304
572,-58.0,-65.0,-52.0,-56.0,-51.0,304
573,-61.0,-69.0,-58.0,-57.0,-46.0,304
574,-65.0,-66.0,-51.0,-52.0,-47.0,304
575,-62.0,-66.0,-49.0,-55.0,-46.0,304
576,-69.0,-65.0,-47.0,-55.0,-48.0,304
577,-62.0,-63.0,-42.0,-56.0,-55.0,304
578,-66.0,-64.0,-48.0,-52.0,-44.0,304
579,-62.0,-64.0,-48.0,-55.0,-44.0,304
580,-64.0,-64.0,-51.0,-52.0,-41.0,304
581,-65.0,-63.0,-49.0,-52.0,-42.0,304
582,-65.0,-63.0,-47.0,-54.0,-45.0,304
583,-59.0,-65.0,-42.0,-48.0,-48.0,304
584,-64.0,-65.0,-42.0,-48.0,-51.0,304
585,-60.0,-67.0,-48.0,-50.0,-47.0,304
586,-60.0,-64.0,-48.0,-48.0,-49.0,304
587,-59.0,-67.0,-48.0,-55.0,-51.0,304
588,-61.0,-69.0,-49.0,-60.0,-52.0,304
589,-65.0,-64.0,-50.0,-59.0,-47.0,304
590,-62.0,-68.0,-54.0,-56.0,-53.0,304
591,-67.0,-64.0,-48.0,-53.0,-42.0,304
592,-70.0,-68.0,-46.0,-61.0,-42.0,304
593,-68.0,-65.0,-53.0,-64.0,-42.0,304
594,-65.0,-70.0,-56.0,-59.0,-44.0,304
595,-63.0,-68.0,-60.0,-55.0,-44.0,304
596,-66.0,-67.0,-56.0,-59.0,-37.0,304
597,-62.0,-67.0,-55.0,-59.0,-47.0,304
598,-60.0,-63.0,-53.0,-53.0,-46.0,304
599,-64.0,-73.0,-52.0,-54.0,-43.0,304
600,-63.0,-65.0,-49.0,-55.0,-39.0,304
601,-62.0,-63.0,-53.0,-54.0,-41.0,304
602,-61.0,-64.0,-48.0,-47.0,-42.0,304
603,-64.0,-65.0,-44.0,-52.0,-44.0,304
604,-61.0,-62.0,-39.0,-47.0,-51.0,304
605,-63.0,-64.0,-43.0,-46.0,-48.0,304
606,-61.0,-66.0,-40.0,-49.0,-51.0,304
607,-63.0,-63.0,-46.0,-47.0,-49.0,304
608,-61.0,-60.0,-38.0,-51.0,-53.0,304
609,-58.0,-63.0,-45.0,-50.0,-50.0,304
610,-61.0,-67.0,-42.0,-55.0,-48.0,304
611,-56.0,-67.0,-45.0,-59.0,-46.0,304
612,-69.0,-66.0,-40.0,-64.0,-47.0,304
613,-61.0,-67.0,-46.0,-58.0,-44.0,304
614,-70.0,-66.0,-43.0,-56.0,-49.0,304
615,-70.0,-64.0,-41.0,-58.0,-45.0,304
616,-67.0,-66.0,-50.0,-58.0,-44.0,304
617,-62.0,-69.0,-53.0,-53.0,-48.0,304
618,-60.0,-68.0,-56.0,-47.0,-41.0,304
619,-61.0,-67.0,-60.0,-45.0,-44.0,304
620,-60.0,-66.0,-56.0,-43.0,-46.0,304
621,-67.0,-67.0,-52.0,-47.0,-46.0,304
622,-59.0,-68.0,-49.0,-47.0,-39.0,304
623,-60.0,-66.0,-45.0,-54.0,-43.0,304
624,-66.0,-69.0,-51.0,-53.0,-43.0,304
625,-62.0,-62.0,-44.0,-52.0,-46.0,304
626,-56.0,-70.0,-53.0,-37.0,-41.0,304
627,-58.0,-69.0,-43.0,-53.0,-45.0,304
628,-56.0,-68.0,-40.0,-59.0,-45.0,304
629,-53.0,-61.0,-47.0,-56.0,-51.0,304
630,-54.0,-63.0,-49.0,-50.0,-49.0,304
631,-54.0,-56.0,-48.0,-48.0,-55.0,304
632,-54.0,-55.0,-47.0,-45.0,-54.0,304
633,-58.0,-60.0,-44.0,-45.0,-54.0,304
634,-59.0,-65.0,-43.0,-47.0,-51.0,304
635,-55.0,-63.0,-44.0,-57.0,-54.0,304
636,-51.0,-65.0,-47.0,-60.0,-45.0,304
637,-55.0,-63.0,-47.0,-61.0,-51.0,304
638,-63.0,-60.0,-41.0,-58.0,-54.0,304
639,-63.0,-60.0,-46.0,-66.0,-56.0,304
640,-61.0,-62.0,-40.0,-66.0,-51.0,304
641,-61.0,-68.0,-53.0,-51.0,-45.0,304
642,-61.0,-66.0,-49.0,-52.0,-43.0,304
643,-60.0,-64.0,-54.0,-55.0,-50.0,304
644,-63.0,-66.0,-53.0,-50.0,-44.0,304
645,-59.0,-68.0,-55.0,-51.0,-51.0,304
646,-61.0,-71.0,-49.0,-50.0,-52.0,304
647,-62.0,-67.0,-50.0,-55.0,-48.0,304
648,-65.0,-67.0,-42.0,-55.0,-41.0,304
649,-64.0,-65.0,-49.0,-53.0,-41.0,304
650,-63.0,-67.0,-47.0,-57.0,-38.0,304
651,-68.0,-68.0,-45.0,-59.0,-39.0,304
652,-61.0,-69.0,-46.0,-62.0,-44.0,304
653,-62.0,-67.0,-47.0,-60.0,-41.0,304
654,-64.0,-71.0,-53.0,-65.0,-41.0,304
655,-59.0,-69.0,-46.0,-65.0,-38.0,304
656,-60.0,-63.0,-43.0,-61.0,-45.0,304
657,-55.0,-65.0,-41.0,-57.0,-45.0,304
658,-58.0,-62.0,-41.0,-58.0,-44.0,304
659,-56.0,-65.0,-46.0,-58.0,-51.0,304
660,-59.0,-58.0,-42.0,-64.0,-47.0,304
661,-63.0,-60.0,-49.0,-66.0,-48.0,304
662,-64.0,-65.0,-36.0,-55.0,-52.0,304
663,-68.0,-65.0,-47.0,-58.0,-48.0,304
664,-64.0,-61.0,-47.0,-59.0,-52.0,304
665,-59.0,-62.0,-54.0,-55.0,-49.0,304
666,-59.0,-66.0,-52.0,-52.0,-47.0,304
667,-57.0,-62.0,-56.0,-51.0,-52.0,304
668,-58.0,-62.0,-49.0,-44.0,-50.0,304
669,-57.0,-64.0,-51.0,-48.0,-48.0,304
670,-68.0,-67.0,-54.0,-42.0,-34.0,305
671,-67.0,-83.0,-59.0,-59.0,-47.0,305
672,-59.0,-72.0,-49.0,-51.0,-36.0,305
673,-60.0,-71.0,-51.0,-61.0,-35.0,305
674,-58.0,-71.0,-48.0,-58.0,-36.0,305
675,-61.0,-69.0,-47.0,-63.0,-42.0,305
676,-59.0,-73.0,-47.0,-66.0,-41.0,305
677,-64.0,-67.0,-53.0,-66.0,-45.0,305
678,-59.0,-64.0,-53.0,-60.0,-37.0,305
679,-56.0,-67.0,-50.0,-64.0,-38.0,305
680,-56.0,-66.0,-51.0,-65.0,-46.0,305
681,-60.0,-67.0,-57.0,-64.0,-44.0,305
682,-60.0,-71.0,-56.0,-63.0,-45.0,305
683,-62.0,-70.0,-54.0,-65.0,-45.0,305
684,-64.0,-73.0,-54.0,-59.0,-46.0,305
685,-63.0,-71.0,-51.0,-54.0,-43.0,305
686,-64.0,-69.0,-50.0,-52.0,-42.0,305
687,-63.0,-69.0,-54.0,-47.0,-41.0,305
688,-64.0,-66.0,-53.0,-47.0,-37.0,305
689,-65.0,-74.0,-56.0,-48.0,-36.0,305
690,-64.0,-70.0,-54.0,-46.0,-37.0,305
691,-66.0,-74.0,-55.0,-47.0,-35.0,305
692,-60.0,-68.0,-56.0,-50.0,-36.0,305
693,-61.0,-76.0,-55.0,-54.0,-37.0,305
694,-62.0,-73.0,-47.0,-48.0,-41.0,305
695,-65.0,-77.0,-60.0,-62.0,-42.0,305
696,-60.0,-74.0,-56.0,-58.0,-39.0,305
697,-64.0,-74.0,-60.0,-53.0,-40.0,305
698,-61.0,-74.0,-65.0,-54.0,-41.0,305
699,-63.0,-73.0,-57.0,-52.0,-46.0,305
700,-64.0,-74.0,-56.0,-56.0,-41.0,305
701,-65.0,-73.0,-55.0,-59.0,-45.0,305
702,-65.0,-72.0,-54.0,-63.0,-51.0,305
703,-61.0,-67.0,-49.0,-62.0,-36.0,305
704,-61.0,-76.0,-48.0,-60.0,-39.0,305
705,-64.0,-76.0,-51.0,-58.0,-35.0,305
706,-64.0,-79.0,-56.0,-46.0,-35.0,305
707,-62.0,-71.0,-53.0,-57.0,-36.0,305
708,-65.0,-78.0,-56.0,-60.0,-39.0,305
709,-66.0,-76.0,-48.0,-55.0,-40.0,305
710,-70.0,-80.0,-57.0,-58.0,-35.0,305
711,-64.0,-79.0,-56.0,-59.0,-36.0,305
712,-62.0,-78.0,-55.0,-49.0,-33.0,305
713,-65.0,-74.0,-55.0,-50.0,-28.0,305
714,-58.0,-71.0,-56.0,-52.0,-34.0,305
715,-62.0,-69.0,-52.0,-57.0,-36.0,305
716,-65.0,-75.0,-51.0,-53.0,-34.0,305
717,-67.0,-71.0,-54.0,-58.0,-37.0,305
718,-66.0,-75.0,-55.0,-62.0,-36.0,305
719,-61.0,-72.0,-45.0,-53.0,-31.0,305
720,-62.0,-76.0,-46.0,-51.0,-37.0,305
721,-66.0,-75.0,-49.0,-47.0,-27.0,305
722,-67.0,-78.0,-52.0,-56.0,-27.0,305
723,-69.0,-81.0,-48.0,-54.0,-29.0,305
724,-64.0,-72.0,-57.0,-48.0,-28.0,305
725,-65.0,-72.0,-52.0,-60.0,-39.0,305
726,-69.0,-71.0,-53.0,-62.0,-39.0,305
727,-68.0,-69.0,-55.0,-55.0,-36.0,305
728,-61.0,-67.0,-53.0,-50.0,-34.0,305
729,-62.0,-67.0,-59.0,-48.0,-31.0,305
730,-64.0,-66.0,-55.0,-48.0,-34.0,305
731,-58.0,-67.0,-61.0,-43.0,-36.0,305
732,-59.0,-68.0,-60.0,-43.0,-38.0,305
733,-64.0,-69.0,-50.0,-53.0,-41.0,305
734,-71.0,-75.0,-59.0,-57.0,-51.0,305
735,-63.0,-68.0,-45.0,-53.0,-37.0,305
736,-67.0,-71.0,-53.0,-58.0,-36.0,305
737,-67.0,-78.0,-90,-45.0,-32.0,305
738,-65.0,-77.0,-58.0,-53.0,-32.0,305
739,-65.0,-79.0,-56.0,-58.0,-34.0,305
740,-67.0,-75.0,-58.0,-50.0,-35.0,305
741,-66.0,-71.0,-56.0,-58.0,-34.0,305
742,-61.0,-70.0,-57.0,-56.0,-40.0,305
743,-58.0,-63.0,-48.0,-61.0,-42.0,305
744,-63.0,-65.0,-90,-55.0,-36.0,305
745,-66.0,-66.0,-50.0,-53.0,-37.0,305
746,-65.0,-67.0,-52.0,-54.0,-34.0,305
747,-59.0,-68.0,-54.0,-51.0,-41.0,305
748,-60.0,-67.0,-59.0,-48.0,-45.0,305
749,-60.0,-66.0,-55.0,-41.0,-44.0,305
750,-58.0,-67.0,-50.0,-41.0,-36.0,305
751,-61.0,-69.0,-53.0,-48.0,-47.0,305
752,-62.0,-63.0,-56.0,-52.0,-41.0,305
753,-62.0,-74.0,-52.0,-49.0,-38.0,305
754,-64.0,-74.0,-52.0,-50.0,-38.0,305
755,-68.0,-74.0,-53.0,-46.0,-37.0,305
756,-62.0,-78.0,-53.0,-55.0,-39.0,305
757,-63.0,-67.0,-61.0,-61.0,-32.0,305
758,-64.0,-72.0,-55.0,-62.0,-37.0,305
759,-70.0,-74.0,-62.0,-58.0,-38.0,305
760,-69.0,-74.0,-54.0,-58.0,-42.0,305
761,-64.0,-69.0,-62.0,-55.0,-43.0,305
762,-71.0,-72.0,-71.0,-55.0,-50.0,305
763,-67.0,-72.0,-69.0,-48.0,-39.0,305
764,-64.0,-73.0,-61.0,-53.0,-45.0,305
765,-61.0,-74.0,-60.0,-52.0,-39.0,305
766,-56.0,-67.0,-61.0,-41.0,-41.0,305
767,-60.0,-61.0,-54.0,-44.0,-44.0,305
768,-63.0,-66.0,-58.0,-41.0,-44.0,305
769,-65.0,-70.0,-53.0,-51.0,-36.0,305
770,-63.0,-67.0,-55.0,-52.0,-36.0,305
771,-62.0,-73.0,-53.0,-52.0,-43.0,305
772,-61.0,-69.0,-53.0,-56.0,-42.0,305
773,-58.0,-73.0,-59.0,-48.0,-40.0,305
774,-60.0,-70.0,-56.0,-47.0,-38.0,305
775,-61.0,-76.0,-56.0,-47.0,-41.0,305
776,-60.0,-71.0,-52.0,-57.0,-39.0,305
777,-58.0,-64.0,-51.0,-47.0,-38.0,305
778,-55.0,-66.0,-52.0,-47.0,-41.0,305
779,-65.0,-68.0,-61.0,-51.0,-41.0,305
780,-69.0,-69.0,-56.0,-35.0,-38.0,305
781,-67.0,-72.0,-64.0,-48.0,-43.0,305
782,-76.0,-69.0,-61.0,-55.0,-40.0,305
783,-75.0,-70.0,-58.0,-66.0,-45.0,305
784,-70.0,-65.0,-67.0,-53.0,-38.0,305
785,-67.0,-69.0,-66.0,-38.0,-42.0,305
786,-69.0,-68.0,-63.0,-51.0,-41.0,305
787,-67.0,-76.0,-63.0,-55.0,-40.0,305
788,-66.0,-66.0,-63.0,-57.0,-39.0,305
789,-65.0,-70.0,-65.0,-55.0,-40.0,305
790,-65.0,-70.0,-51.0,-51.0,-36.0,305
791,-65.0,-68.0,-57.0,-50.0,-32.0,305
792,-63.0,-69.0,-60.0,-52.0,-36.0,305
793,-63.0,-70.0,-50.0,-52.0,-33.0,305
794,-67.0,-71.0,-51.0,-54.0,-33.0,305
795,-66.0,-74.0,-47.0,-55.0,-34.0,305
796,-63.0,-80.0,-58.0,-53.0,-39.0,305
797,-65.0,-75.0,-54.0,-55.0,-40.0,305
798,-62.0,-73.0,-56.0,-56.0,-38.0,305
799,-66.0,-79.0,-55.0,-53.0,-39.0,305
800,-69.0,-71.0,-50.0,-58.0,-42.0,305
801,-65.0,-74.0,-51.0,-66.0,-41.0,305
802,-60.0,-67.0,-53.0,-56.0,-42.0,305
803,-63.0,-69.0,-53.0,-54.0,-34.0,305
804,-61.0,-73.0,-49.0,-56.0,-33.0,305
805,-66.0,-68.0,-46.0,-58.0,-31.0,305
806,-66.0,-67.0,-46.0,-51.0,-33.0,305
807,-63.0,-72.0,-50.0,-51.0,-26.0,305
808,-64.0,-70.0,-50.0,-47.0,-26.0,305
809,-59.0,-71.0,-56.0,-49.0,-30.0,305
810,-62.0,-66.0,-57.0,-43.0,-38.0,305
811,-60.0,-69.0,-57.0,-45.0,-36.0,305
812,-61.0,-70.0,-58.0,-49.0,-40.0,305
813,-62.0,-69.0,-53.0,-48.0,-46.0,305
814,-64.0,-69.0,-52.0,-53.0,-44.0,305
815,-65.0,-71.0,-55.0,-53.0,-38.0,305
816,-66.0,-69.0,-58.0,-55.0,-40.0,305
817,-66.0,-76.0,-56.0,-52.0,-41.0,305
818,-66.0,-77.0,-54.0,-55.0,-38.0,305
819,-61.0,-75.0,-54.0,-52.0,-37.0,305
820,-67.0,-80.0,-50.0,-58.0,-34.0,305
821,-68.0,-78.0,-51.0,-58.0,-32.0,305
822,-66.0,-74.0,-53.0,-57.0,-30.0,305
823,-67.0,-70.0,-53.0,-64.0,-31.0,305
824,-62.0,-70.0,-50.0,-65.0,-38.0,305
825,-66.0,-67.0,-51.0,-63.0,-41.0,305
826,-64.0,-75.0,-51.0,-66.0,-35.0,305
827,-70.0,-75.0,-57.0,-66.0,-41.0,305
828,-70.0,-69.0,-52.0,-66.0,-44.0,305
829,-60.0,-70.0,-53.0,-67.0,-42.0,305
830,-68.0,-72.0,-57.0,-67.0,-49.0,305
831,-72.0,-74.0,-58.0,-67.0,-47.0,305
832,-63.0,-62.0,-53.0,-64.0,-43.0,305
833,-53.0,-69.0,-49.0,-57.0,-39.0,305
834,-62.0,-73.0,-60.0,-53.0,-37.0,305
835,-65.0,-72.0,-64.0,-50.0,-35.0,305
836,-67.0,-73.0,-50.0,-49.0,-35.0,305
837,-65.0,-71.0,-54.0,-50.0,-37.0,305
838,-66.0,-73.0,-50.0,-47.0,-35.0,305
839,-66.0,-71.0,-58.0,-52.0,-35.0,305
840,-56.0,-40.0,-72.0,-67.0,-77.0,306
841,-42.0,-45.0,-66.0,-56.0,-77.0,306
842,-50.0,-48.0,-60.0,-55.0,-76.0,306
843,-53.0,-49.0,-70.0,-53.0,-82.0,306
844,-42.0,-47.0,-66.0,-52.0,-76.0,306
845,-47.0,-50.0,-60.0,-54.0,-79.0,306
846,-38.0,-48.0,-59.0,-60.0,-74.0,306
847,-50.0,-48.0,-68.0,-55.0,-74.0,306
848,-56.0,-45.0,-69.0,-58.0,-75.0,306
849,-46.0,-51.0,-67.0,-58.0,-79.0,306
850,-47.0,-52.0,-66.0,-57.0,-83.0,306
851,-62.0,-49.0,-74.0,-58.0,-82.0,306
852,-55.0,-38.0,-65.0,-51.0,-78.0,306
853,-54.0,-41.0,-64.0,-54.0,-76.0,306
854,-47.0,-41.0,-64.0,-51.0,-80.0,306
855,-49.0,-41.0,-62.0,-61.0,-72.0,306
856,-51.0,-45.0,-65.0,-57.0,-74.0,306
857,-49.0,-40.0,-64.0,-50.0,-74.0,306
858,-54.0,-45.0,-63.0,-45.0,-73.0,306
859,-57.0,-41.0,-62.0,-56.0,-73.0,306
860,-56.0,-38.0,-60.0,-48.0,-74.0,306
861,-55.0,-40.0,-67.0,-59.0,-79.0,306
862,-47.0,-44.0,-64.0,-60.0,-78.0,306
863,-47.0,-49.0,-64.0,-62.0,-80.0,306
864,-44.0,-46.0,-65.0,-57.0,-74.0,306
865,-45.0,-48.0,-69.0,-56.0,-75.0,306
866,-40.0,-47.0,-65.0,-57.0,-76.0,306
867,-40.0,-50.0,-64.0,-58.0,-71.0,306
868,-42.0,-50.0,-64.0,-62.0,-74.0,306
869,-56.0,-54.0,-63.0,-57.0,-82.0,306
870,-55.0,-54.0,-67.0,-60.0,-86.0,306
871,-52.0,-50.0,-68.0,-61.0,-83.0,306
872,-51.0,-46.0,-70.0,-54.0,-78.0,306
873,-55.0,-46.0,-68.0,-61.0,-73.0,306
874,-56.0,-45.0,-62.0,-69.0,-71.0,306
875,-47.0,-45.0,-66.0,-62.0,-78.0,306
876,-58.0,-45.0,-57.0,-56.0,-77.0,306
877,-56.0,-50.0,-59.0,-61.0,-81.0,306
878,-46.0,-43.0,-64.0,-61.0,-73.0,306
879,-49.0,-43.0,-64.0,-60.0,-74.0,306
880,-49.0,-43.0,-55.0,-64.0,-77.0,306
881,-48.0,-39.0,-64.0,-62.0,-75.0,306
882,-53.0,-42.0,-63.0,-61.0,-75.0,306
883,-56.0,-46.0,-66.0,-65.0,-77.0,306
884,-54.0,-52.0,-70.0,-65.0,-75.0,306
885,-54.0,-47.0,-69.0,-65.0,-78.0,306
886,-56.0,-50.0,-69.0,-63.0,-79.0,306
887,-60.0,-53.0,-71.0,-68.0,-85.0,306
888,-54.0,-54.0,-68.0,-69.0,-81.0,306
889,-51.0,-49.0,-70.0,-68.0,-78.0,306
890,-53.0,-52.0,-76.0,-63.0,-82.0,306
891,-52.0,-52.0,-73.0,-69.0,-82.0,306
892,-52.0,-57.0,-73.0,-73.0,-83.0,306
893,-50.0,-57.0,-73.0,-65.0,-83.0,306
894,-55.0,-51.0,-73.0,-64.0,-82.0,306
895,-62.0,-49.0,-76.0,-71.0,-80.0,306
896,-62.0,-58.0,-72.0,-65.0,-79.0,306
897,-55.0,-53.0,-73.0,-60.0,-74.0,306
898,-58.0,-54.0,-63.0,-60.0,-75.0,306
899,-52.0,-48.0,-71.0,-60.0,-75.0,306
900,-59.0,-50.0,-65.0,-66.0,-75.0,306
901,-61.0,-46.0,-64.0,-63.0,-73.0,306
902,-54.0,-43.0,-62.0,-61.0,-72.0,306
903,-56.0,-37.0,-61.0,-58.0,-72.0,306
904,-63.0,-38.0,-62.0,-63.0,-71.0,306
905,-60.0,-40.0,-66.0,-56.0,-71.0,306
906,-63.0,-43.0,-61.0,-62.0,-78.0,306
907,-64.0,-51.0,-67.0,-63.0,-84.0,306
908,-56.0,-50.0,-64.0,-60.0,-83.0,306
909,-48.0,-52.0,-70.0,-69.0,-80.0,306
910,-57.0,-35.0,-57.0,-61.0,-70.0,306
911,-59.0,-32.0,-49.0,-53.0,-70.0,306
912,-57.0,-33.0,-63.0,-54.0,-70.0,306
913,-51.0,-31.0,-67.0,-55.0,-75.0,306
914,-53.0,-27.0,-54.0,-60.0,-75.0,306
915,-50.0,-31.0,-55.0,-55.0,-68.0,306
916,-59.0,-29.0,-55.0,-56.0,-68.0,306
917,-59,-33,-53,-59,-72,306
918,-52,-40,-57,-54,-69,306
919,-53.0,-39.0,-60.0,-60.0,-76.0,306
920,-60.0,-44.0,-60.0,-56.0,-80.0,306
921,-58.0,-38.0,-62.0,-57.0,-77.0,306
922,-55.0,-33.0,-60.0,-57.0,-71.0,306
923,-61,-33,-59,-55,-79,306
924,-61.0,-34.0,-63.0,-55.0,-79.0,306
925,-54.0,-30.0,-57.0,-58.0,-73.0,306
926,-48.0,-28.0,-51.0,-55.0,-71.0,306
927,-52.0,-35.0,-52.0,-56.0,-70.0,306
928,-55.0,-39.0,-58.0,-60.0,-76.0,306
929,-62.0,-45.0,-56.0,-60.0,-81.0,306
930,-66.0,-53.0,-66.0,-56.0,-77.0,306
931,-64.0,-41.0,-61.0,-50.0,-75.0,306
932,-59.0,-33.0,-60.0,-56.0,-68.0,306
933,-58.0,-33.0,-62.0,-51.0,-66.0,306
934,-57,-35,-59,-48,-65,306
935,-67.0,-36.0,-57.0,-52.0,-69.0,306
936,-64.0,-38.0,-58.0,-58.0,-63.0,306
937,-64.0,-34.0,-58.0,-59.0,-68.0,306
938,-60.0,-39.0,-60.0,-60.0,-65.0,306
939,-62.0,-41.0,-64.0,-65.0,-75.0,306
940,-59.0,-35.0,-65.0,-62.0,-74.0,306
941,-57.0,-35.0,-62.0,-61.0,-72.0,306
942,-62.0,-32.0,-62.0,-58.0,-67.0,306
943,-53.0,-32.0,-51.0,-62.0,-74.0,306
944,-50.0,-30.0,-55.0,-61.0,-71.0,306
945,-53.0,-37.0,-60.0,-60.0,-70.0,306
946,-52.0,-35.0,-59.0,-57.0,-73.0,306
947,-54.0,-34.0,-59.0,-58.0,-72.0,306
948,-57.0,-37.0,-60.0,-63.0,-77.0,306
949,-62.0,-39.0,-59.0,-62.0,-76.0,306
950,-57.0,-40.0,-61.0,-59.0,-68.0,306
951,-60.0,-44.0,-59.0,-56.0,-70.0,306
952,-66.0,-45.0,-61.0,-58.0,-72.0,306
953,-65.0,-47.0,-63.0,-58.0,-74.0,306
954,-64.0,-45.0,-57.0,-56.0,-77.0,306
955,-61.0,-41.0,-57.0,-59.0,-70.0,306
956,-65.0,-39.0,-60.0,-59.0,-68.0,306
957,-61.0,-41.0,-61.0,-54.0,-72.0,306
958,-65.0,-45.0,-63.0,-59.0,-75.0,306
959,-69.0,-44.0,-62.0,-61.0,-73.0,306
960,-55.0,-31.0,-51.0,-59.0,-70.0,306
961,-55.0,-35.0,-60.0,-66.0,-68.0,307
962,-55.0,-33.0,-57.0,-63.0,-73.0,307
963,-67.0,-45.0,-59.0,-65.0,-76.0,307
964,-63.0,-43.0,-61.0,-65.0,-83.0,307
965,-57.0,-49.0,-63.0,-63.0,-78.0,307
966,-59.0,-46.0,-67.0,-64.0,-79.0,307
967,-67,-43,-62,-58,-77,307
968,-66.0,-37.0,-64.0,-57.0,-73.0,307
969,-68.0,-37.0,-59.0,-61.0,-69.0,307
970,-57.0,-46.0,-64.0,-64.0,-67.0,307
971,-64.0,-41.0,-62.0,-53.0,-70.0,307
972,-63.0,-42.0,-68.0,-57.0,-72.0,307
973,-64.0,-39.0,-67.0,-54.0,-69.0,307
974,-61.0,-42.0,-63.0,-56.0,-62.0,307
975,-63.0,-45.0,-59.0,-56.0,-68.0,307
976,-59.0,-47.0,-60.0,-52.0,-68.0,307
977,-67.0,-39.0,-64.0,-49.0,-69.0,307
978,-64.0,-41.0,-60.0,-60.0,-63.0,307
979,-64.0,-42.0,-62.0,-54.0,-63.0,307
980,-63.0,-47.0,-51.0,-45.0,-66.0,307
981,-62.0,-49.0,-53.0,-49.0,-67.0,307
982,-63.0,-47.0,-51.0,-45.0,-66.0,307
983,-62.0,-49.0,-53.0,-49.0,-67.0,307
984,-64.0,-45.0,-48.0,-50.0,-66.0,307
985,-69.0,-50.0,-48.0,-54.0,-67.0,307
986,-69.0,-54.0,-55.0,-48.0,-72.0,307
987,-64.0,-46.0,-53.0,-50.0,-66.0,307
988,-60.0,-43.0,-47.0,-58.0,-68.0,307
989,-62.0,-41.0,-50.0,-61.0,-67.0,307
990,-61.0,-40.0,-53.0,-61.0,-63.0,307
991,-60.0,-38.0,-59.0,-52.0,-67.0,307
992,-64.0,-42.0,-60.0,-51.0,-65.0,307
993,-65.0,-48.0,-60.0,-50.0,-62.0,307
994,-66.0,-51.0,-54.0,-53.0,-59.0,307
995,-64.0,-47.0,-53.0,-48.0,-64.0,307
996,-71.0,-43.0,-52.0,-49.0,-64.0,307
997,-69.0,-47.0,-54.0,-47.0,-63.0,307
998,-68.0,-51.0,-58.0,-42.0,-64.0,307
999,-76.0,-55.0,-62.0,-46.0,-69.0,307
1000,-76.0,-59.0,-64.0,-44.0,-72.0,307
1001,-75.0,-62.0,-61.0,-41.0,-67.0,307
1002,-67.0,-47.0,-59.0,-49.0,-64.0,307
1003,-58.0,-45.0,-52.0,-48.0,-57.0,307
1004,-61.0,-55.0,-51.0,-56.0,-60.0,307
1005,-57.0,-42.0,-47.0,-57.0,-64.0,307
1006,-61.0,-44.0,-36.0,-50.0,-64.0,307
1007,-62.0,-42.0,-44.0,-54.0,-63.0,307
1008,-68.0,-42.0,-44.0,-53.0,-64.0,307
1009,-63.0,-40.0,-45.0,-56.0,-68.0,307
1010,-62.0,-41.0,-51.0,-56.0,-66.0,307
1011,-63.0,-39.0,-52.0,-56.0,-68.0,307
1012,-63.0,-45.0,-44.0,-56.0,-70.0,307
1013,-66.0,-55.0,-53.0,-47.0,-68.0,307
1014,-64.0,-49.0,-58.0,-54.0,-66.0,307
1015,-69.0,-45.0,-59.0,-54.0,-67.0,307
1016,-67.0,-46.0,-50.0,-45.0,-61.0,307
1017,-69.0,-48.0,-52.0,-45.0,-69.0,307
1018,-65.0,-49.0,-47.0,-42.0,-66.0,307
1019,-63.0,-50.0,-62.0,-44.0,-59.0,307
1020,-60.0,-52.0,-55.0,-43.0,-67.0,307
1021,-69.0,-53.0,-50.0,-42.0,-65.0,307
1022,-66.0,-54.0,-56.0,-44.0,-60.0,307
1023,-60.0,-41.0,-50.0,-54.0,-65.0,307
1024,-59.0,-40.0,-49.0,-52.0,-63.0,307
1025,-62.0,-36.0,-48.0,-56.0,-66.0,307
1026,-60.0,-37.0,-43.0,-58.0,-66.0,307
1027,-59.0,-38.0,-49.0,-57.0,-68.0,307
1028,-65.0,-47.0,-46.0,-57.0,-70.0,307
1029,-58.0,-42.0,-47.0,-54.0,-67.0,307
1030,-60.0,-38.0,-55.0,-55.0,-71.0,307
1031,-60.0,-48.0,-54.0,-58.0,-70.0,307
1032,-68.0,-46.0,-65.0,-51.0,-64.0,307
1033,-67.0,-47.0,-60.0,-50.0,-61.0,307
1034,-69.0,-50.0,-57.0,-60.0,-65.0,307
1035,-68.0,-47.0,-51.0,-52.0,-62.0,307
1036,-69.0,-47.0,-48.0,-53.0,-62.0,307
1037,-69.0,-50.0,-51.0,-53.0,-62.0,307
1038,-68.0,-52.0,-54.0,-52.0,-60.0,307
1039,-68.0,-49.0,-54.0,-52.0,-57.0,307
1040,-66.0,-52.0,-60.0,-58.0,-69.0,307
1041,-67.0,-51.0,-58.0,-55.0,-71.0,307
1042,-64.0,-47.0,-52.0,-55.0,-68.0,307
1043,-61.0,-46.0,-43.0,-54.0,-62.0,307
1044,-64.0,-44.0,-42.0,-58.0,-61.0,307
1045,-62.0,-46.0,-45.0,-56.0,-64.0,307
1046,-56.0,-46.0,-47.0,-55.0,-62.0,307
1047,-60.0,-50.0,-47.0,-56.0,-70.0,307
1048,-67.0,-46.0,-55.0,-60.0,-66.0,307
1049,-65.0,-48.0,-51.0,-55.0,-67.0,307
1050,-60.0,-42.0,-58.0,-53.0,-72.0,307
1051,-68.0,-49.0,-59.0,-51.0,-61.0,307
1052,-69.0,-48.0,-54.0,-48.0,-64.0,307
1053,-67.0,-47.0,-51.0,-48.0,-63.0,307
1054,-68.0,-46.0,-56.0,-47.0,-69.0,307
1055,-69.0,-52.0,-52.0,-45.0,-60.0,307
1056,-67.0,-53.0,-62.0,-45.0,-63.0,307
1057,-72.0,-60.0,-59.0,-42.0,-63.0,307
1058,-71.0,-57.0,-60.0,-40.0,-61.0,307
1059,-74.0,-56.0,-58.0,-40.0,-59.0,307
1060,-64.0,-47.0,-54.0,-46.0,-61.0,307
1061,-68.0,-51.0,-56.0,-50.0,-68.0,307
1062,-66.0,-53.0,-60.0,-47.0,-60.0,307
1063,-71.0,-50.0,-54.0,-52.0,-66.0,307
1064,-69.0,-52.0,-56.0,-56.0,-61.0,307
1065,-64.0,-50.0,-63.0,-52.0,-56.0,307
1066,-71.0,-49.0,-62.0,-44.0,-56.0,307
1067,-66.0,-51.0,-62.0,-43.0,-59.0,307
1068,-65.0,-48.0,-67.0,-44.0,-66.0,307
1069,-64.0,-53.0,-62.0,-46.0,-70.0,307
1070,-66.0,-51.0,-66.0,-42.0,-62.0,307
1071,-67.0,-47.0,-60.0,-43.0,-70.0,307
1072,-63.0,-49.0,-58.0,-40.0,-57.0,307
1073,-72.0,-60.0,-64.0,-41.0,-64.0,307
1074,-75.0,-61.0,-65.0,-40.0,-67.0,307
1075,-77.0,-53.0,-62.0,-41.0,-69.0,307
1076,-72.0,-54.0,-63.0,-45.0,-62.0,307
1077,-74.0,-61.0,-62.0,-45.0,-58.0,307
1078,-71.0,-62.0,-60.0,-50.0,-61.0,307
1079,-71.0,-58.0,-65.0,-44.0,-60.0,307
1080,-71.0,-56.0,-69.0,-49.0,-63.0,307
1081,-73.0,-54.0,-69.0,-46.0,-63.0,307
1082,-70.0,-59.0,-66.0,-47.0,-62.0,308
1083,-65.0,-52.0,-61.0,-37.0,-60.0,308
1084,-63.0,-57.0,-55.0,-38.0,-52.0,308
1085,-66.0,-55.0,-58.0,-35.0,-57.0,308
1086,-58.0,-52.0,-58.0,-41.0,-52.0,308
1087,-66.0,-60.0,-62.0,-38.0,-66.0,308
1088,-66.0,-57.0,-52.0,-38.0,-66.0,308
1089,-63.0,-51.0,-53.0,-39.0,-60.0,308
1090,-61.0,-56.0,-56.0,-36.0,-65.0,308
1091,-68.0,-58.0,-58.0,-46.0,-61.0,308
1092,-72.0,-61.0,-60.0,-42.0,-53.0,308
1093,-69.0,-59.0,-61.0,-41.0,-58.0,308
1094,-71.0,-63.0,-69.0,-39.0,-57.0,308
1095,-68.0,-48.0,-60.0,-40.0,-59.0,308
1096,-71.0,-54.0,-59.0,-40.0,-62.0,308
1097,-72.0,-53.0,-64.0,-38.0,-61.0,308
1098,-78.0,-55.0,-65.0,-37.0,-58.0,308
1099,-73.0,-57.0,-62.0,-35.0,-59.0,308
1100,-79.0,-58.0,-62.0,-33.0,-60.0,308
1101,-76.0,-57.0,-61.0,-35.0,-66.0,308
1102,-75.0,-60.0,-62.0,-34.0,-65.0,308
1103,-70.0,-46.0,-56.0,-38.0,-53.0,308
1104,-65.0,-48.0,-52.0,-42.0,-51.0,308
1105,-71.0,-46.0,-52.0,-46.0,-58.0,308
1106,-69.0,-47.0,-52.0,-43.0,-58.0,308
1107,-64.0,-47.0,-54.0,-45.0,-58.0,308
1108,-62.0,-50.0,-66.0,-45.0,-55.0,308
1109,-60.0,-48.0,-60.0,-47.0,-56.0,308
1110,-68.0,-44.0,-51.0,-47.0,-54.0,308
1111,-62.0,-48.0,-55.0,-44.0,-63.0,308
1112,-63.0,-48.0,-55.0,-49.0,-57.0,308
1113,-72.0,-52.0,-58.0,-40.0,-53.0,308
1114,-67.0,-56.0,-53.0,-40.0,-58.0,308
1115,-68.0,-60.0,-62.0,-40.0,-65.0,308
1116,-70.0,-59.0,-65.0,-38.0,-66.0,308
1117,-74.0,-58.0,-60.0,-37.0,-64.0,308
1118,-73.0,-53.0,-58.0,-35.0,-56.0,308
1119,-70.0,-56.0,-65.0,-41.0,-58.0,308
1120,-72.0,-52.0,-59.0,-39.0,-59.0,308
1121,-72.0,-57.0,-62.0,-39.0,-54.0,308
1122,-73.0,-58.0,-70.0,-34.0,-58.0,308
1123,-75.0,-51.0,-68.0,-29.0,-55.0,308
1124,-73.0,-55.0,-61.0,-30.0,-55.0,308
1125,-70.0,-53.0,-62.0,-31.0,-55.0,308
1126,-74.0,-47.0,-58.0,-32.0,-51.0,308
1127,-67.0,-47.0,-65.0,-39.0,-60.0,308
1128,-68.0,-45.0,-54.0,-38.0,-60.0,308
1129,-70.0,-53.0,-54.0,-40.0,-56.0,308
1130,-75.0,-55.0,-50.0,-42.0,-64.0,308
1131,-74.0,-48.0,-55.0,-45.0,-58.0,308
1132,-68.0,-51.0,-61.0,-39.0,-58.0,308
1133,-70.0,-46.0,-52.0,-52.0,-58.0,308
1134,-63.0,-49.0,-51.0,-47.0,-58.0,308
1135,-69.0,-41.0,-62.0,-56.0,-61.0,308
1136,-76.0,-47.0,-64.0,-42.0,-43.0,308
1137,-72.0,-49.0,-67.0,-37.0,-49.0,308
1138,-71.0,-47.0,-69.0,-41.0,-59.0,308
1139,-75.0,-48.0,-68.0,-36.0,-50.0,308
1140,-70.0,-47.0,-68.0,-35.0,-37.0,308
1141,-72.0,-47.0,-64.0,-35.0,-41.0,308
1142,-75.0,-55.0,-66.0,-35.0,-42.0,308
1143,-79.0,-47.0,-65.0,-34.0,-50.0,308
1144,-69.0,-49.0,-61.0,-29.0,-51.0,308
1145,-73.0,-45.0,-65.0,-25.0,-46.0,308
1146,-70.0,-44.0,-61.0,-31.0,-39.0,308
1147,-70.0,-44.0,-66.0,-32.0,-51.0,308
1148,-68.0,-47.0,-64.0,-26.0,-50.0,308
1149,-81.0,-61.0,-68.0,-28.0,-60.0,308
1150,-80.0,-59.0,-66.0,-29.0,-64.0,308
1151,-80.0,-59.0,-70.0,-31.0,-60.0,308
1152,-78.0,-60.0,-67.0,-90,-53.0,308
1153,-76.0,-54.0,-70.0,-38.0,-52.0,308
1154,-74.0,-51.0,-70.0,-38.0,-47.0,308
1155,-77.0,-56.0,-68.0,-41.0,-48.0,308
1156,-76.0,-53.0,-70.0,-43.0,-55.0,308
1157,-74.0,-56.0,-68.0,-47.0,-54.0,308
1158,-73.0,-56.0,-75.0,-45.0,-53.0,308
1159,-78.0,-57.0,-69.0,-45.0,-53.0,308
1160,-77.0,-57.0,-73.0,-46.0,-54.0,308
1161,-83.0,-56.0,-68.0,-45.0,-48.0,308
1162,-81.0,-50.0,-65.0,-38.0,-57.0,308
1163,-73.0,-51.0,-64.0,-38.0,-49.0,308
1164,-71.0,-47.0,-65.0,-42.0,-48.0,308
1165,-74.0,-58.0,-64.0,-39.0,-53.0,308
1166,-73.0,-56.0,-63.0,-36.0,-47.0,308
1167,-73.0,-61.0,-62.0,-38.0,-48.0,308
1168,-68.0,-50.0,-61.0,-35.0,-41.0,308
1169,-72.0,-49.0,-66.0,-34.0,-48.0,308
1170,-65.0,-48.0,-57.0,-40.0,-48.0,308
1171,-66.0,-49.0,-56.0,-35.0,-52.0,308
1172,-67.0,-53.0,-55.0,-34.0,-49.0,308
1173,-65.0,-45.0,-64.0,-34.0,-49.0,308
1174,-69.0,-46.0,-59.0,-33.0,-53.0,308
1175,-75.0,-60.0,-78.0,-32.0,-62.0,308
1176,-69.0,-58.0,-63.0,-34.0,-59.0,308
1177,-75.0,-56.0,-61.0,-31.0,-53.0,308
1178,-68.0,-55.0,-66.0,-38.0,-54.0,308
1179,-66.0,-56.0,-59.0,-36.0,-52.0,308
1180,-65.0,-57.0,-60.0,-33.0,-55.0,308
1181,-71.0,-56.0,-62.0,-38.0,-52.0,308
1182,-70.0,-59.0,-61.0,-32.0,-58.0,308
1183,-78.0,-61.0,-59.0,-34.0,-50.0,308
1184,-77.0,-57.0,-61.0,-38.0,-48.0,308
1185,-70.0,-56.0,-59.0,-41.0,-45.0,308
1186,-72.0,-51.0,-62.0,-43.0,-52.0,308
1187,-71.0,-54.0,-61.0,-48.0,-52.0,308
1188,-74.0,-53.0,-62.0,-48.0,-52.0,308
1189,-71.0,-61.0,-65.0,-44.0,-49.0,308
1190,-75.0,-60.0,-63.0,-38.0,-53.0,308
1191,-68.0,-62.0,-63.0,-36.0,-48.0,308
1192,-67.0,-58.0,-67.0,-40.0,-42.0,308
1193,-69.0,-57.0,-66.0,-39.0,-43.0,308
1194,-73.0,-62.0,-63.0,-36.0,-48.0,308
1195,-75.0,-64.0,-66.0,-36.0,-51.0,308
1196,-74.0,-59.0,-61.0,-31.0,-48.0,308
1197,-78.0,-61.0,-61.0,-32.0,-43.0,308
1198,-76.0,-60.0,-67.0,-35.0,-48.0,308
1199,-75.0,-58.0,-69.0,-34.0,-52.0,308
1200,-78.0,-63.0,-65.0,-38.0,-52.0,308
1201,-79.0,-68.0,-68.0,-31.0,-59.0,308
1202,-78.0,-63.0,-64.0,-32.0,-63.0,308
